hanzi	pinyin	keyword	radical	strokeCount	hskLevel	generalStandard	frequencyRank
的	de	possessive, adjectival suffix	白 106.3	8	1	1155	1
一	yī	one; a, an; alone	一 1.0	1	1	1	2
是	shì	indeed, yes, right; to be; demonstrative pronoun, this, that	日 72.5	9	1	1479	3
不	bù	no, not; un-; negative prefix	一 1.3	4	1	91	4
了	le	to finish; particle of completed action	亅 6.1	2	1	17	5
在	zài	be at, in, on; consist in, rest	土 32.3	6	1	388	6
人	rén	man; people; mankind; someone else	人 9.0	2	1	10	7
有	yǒu	have, own, possess; exist	月 74.2	6	1	390	8
我	wǒ	our, us, i, me, my, we	戈 62.3	7	1	761	9
他	tā	other, another; he, she, it	人 9.3	5	1	277	10
这	zhè	this, the, here	辵 162.4	7	1	837	11
个	gè	numerary adjunct, piece; single	丨 2.2	3	1	45	12
们	men	adjunct pronoun indicate plural	人 9.3	5	1	273	13
中	zhōng	central; center, middle; in the midst of; hit (target); attain	丨 2.3	4	1	113	14
来	lái	come, coming; return, returning	木 75.3	7	1	707	15
上	shàng	top; superior, highest; go up, send up	一 1.2	3	1	36	16
大	dà	big, great, vast, large, high	大 37.0	3	1	32	17
为	wèi	do, handle, govern, act; be	丶 3.3	4	2	165	18
和	hé	harmony, peace; peaceful, calm	口 30.5	8	1	1131	19
国	guó	nation, country, nation-state	囗 31.5	8	1	1081	20
地	de	earth; soil, ground; region	土 32.3	6	3	366	21
到	dào	go to, arrive, been to	刀 18.6	8	2	1063	22
以	yǐ	by means of; thereby, therefore; consider as; in order to	人 9.3	4	2	182	23
说	shuō	speak, say, talk; scold, upbraid	言 149.7	9	1	1717	24
时	shí	time, season; era, age, period	日 72.3	7	1	717	25
要	yào	necessary, essential; necessity	襾 146.3	9	2	1441	26
就	jiù	just, simply; to come, go to; to approach, near	尢 43.9	12	2	2728	27
出	chū	go out, send out; stand; produce	凵 17.3	5	1	330	28
会	huì	assemble, meet together; meeting	人 9.4	6	1	486	29
可	kě	may, can, -able; possibly	口 30.2	5	2	212	30
也	yě	also; classical final particle of strong affirmation or identity	乙 5.2	3	2	66	31
你	nǐ	you, second person pronoun	人 9.5	7	1	782	32
对	duì	correct, right; facing, opposed	寸 41.2	5	1	341	33
生	shēng	life, living, lifetime; birth	生 100.0	5	1	263	34
能	néng	to be able; can, permitted to; ability	肉 130.6	10	1	2146	35
而	ér	and; and then; and yet; but	而 126.0	6	3	392	36
子	zi	offspring, child; fruit, seed of; 1st terrestrial branch	子 39.0	3	1	64	37
那	nà	that, that one, those	邑 163.4	6	1	564	38
得	dé	obtain, get, gain, acquire	彳 60.8	11	2	2341	39
于	yú	in, on, at; go to; surname	二 7.1	3	3	24	40
着	zhe	make move, take action	目 109.6	11	2	2398	41
下	xià	under, underneath, below; down; inferior; bring down	一 1.2	3	1	30	42
自	zì	self, private, personal; from	自 132.0	6	3	477	43
之	zhī	marks preceding phrase as modifier of following phrase; it, him her, them; go to	丿 4.3	3	4	58	44
年	nián		干 51.3	6	1	444	45
过	guò	pass, pass through, go across	辵 162.3	6	2	379	46
发	fā	issue, dispatch, send out; hair	又 29.3	5	3	339	47
后	hòu	queen, empress, sovereign; (simp. for 後) behind, rear, after	口 30.3	6	1	482	48
作	zuò	make; work; compose, write; act, perform	人 9.5	7	1	777	49
里	lǐ	unit of distance; village; lane	里 166.0	7	1	721	50
用	yòng	use, employ, apply, operate; use	用 101.0	5	3	283	51
道	dào	path, road, street; method, way	辵 162.9	12	2	2745	52
行	xíng	go; walk; move, travel; circulate	行 144.0	6	3	483	53
所	suǒ	place, location; numerary adjunct	戶 63.4	8	2	1164	54
然	rán	yes, certainly; pledge, promise	火 86.8	12	2	2723	55
家	jiā	house, home, residence; family	宀 40.7	10	1	2099	56
种	zhǒng	seed; race, breed; to plant	禾 115.4	9	3	1549	57
事	shì	affair, matter, business; to serve; accident, incident	亅 6.7	8	2	1038	58
成	chéng	completed, finished, fixed	戈 62.3	6	3	401	59
方	fāng	a square, rectangle; a region; local	方 70.0	4	3	163	60
多	duō	much, many; more than, over	夕 36.3	6	1	507	61
经	jīng	classic works; pass through	糸 120.5	8	2	1350	62
么	me	interrogative particle; repetition of a tune small; tender	丿 4.2	3	1	48	63
去	qù	go away, leave, depart	厶 28.3	5	1	204	64
法	fǎ	law, rule, regulation, statute; France, French	水 85.5	8	3	1241	65
学	xué	learning, knowledge; school	子 39.5	8	1	1273	66
如	rú	if, supposing; as if; like, as	女 38.3	6	3	578	67
都	dōu	metropolis, capital; all, the whole; elegant, refined	邑 163.9	10	1	1801	68
同	tóng	same, similar; together with	口 30.3	6	1	427	69
现	xiàn	appear, manifest, become visible	玉 96.4	8	1	949	70
当	dāng	bear, accept, undertake; just	小 42.3	6	3	418	71
没	méi	not, have not, none; drown, sink	水 85.4	7	1	867	72
动	dòng	move, happen; movement, action	力 19.4	6	2	353	73
面	miàn	face; surface; plane; side, dimension	面 176.0	9	1	1455	74
起	qǐ	rise, stand up; go up; begin	走 156.3	10	1	1789	75
看	kàn	look, see; examine, scrutinize	目 109.4	9	1	1539	76
定	dìng	decide, settle, fix	宀 40.5	8	3	1276	77
天	tiān	sky, heaven; god, celestial	大 37.1	4	1	78	78
分	fēn	divide; small unit of time etc.	刀 18.2	4	1	146	79
还	hái	still, yet, also, besides	辵 162.4	7	2	704	80
进	jìn	advance, make progress, enter	辵 162.4	7	2	605	81
好	hǎo	good, excellent, fine; well	女 38.3	6	1	581	82
小	xiǎo	small, tiny, insignificant	小 42.0	3	1	37	83
部	bù	part, division, section	邑 163.8	10	4	2044	84
其	qí	his, her, its, their; that	八 12.6	8	3	996	85
些	xiē	little, few; rather, somewhat	二 7.5	8	1	1069	86
主	zhǔ	master, chief owner; host; lord	丶 3.4	5	3	300	87
样	yàng	shape, form, pattern, style	木 75.6	10	1	1849	88
理	lǐ	reason, logic; manage	玉 96.7	11	3	2157	89
心	xīn	heart; mind, intelligence; soul	心 61.0	4	3	174	90
她	tā	she, her	女 38.3	6	1	582	91
本	běn	root, origin, source; basis	木 75.1	5	1	210	92
前	qián	in front, forward; preceding	刀 18.7	9	1	1650	93
开	kāi	open; initiate, begin, start	廾 55.1	4	1	76	94
但	dàn	only; but, however, yet, still	人 9.5	7	2	774	95
因	yīn	cause, reason; by; because (of)	囗 31.3	6	2	430	96
只	zhǐ	only, just, simply	口 30.2	5	3	246	97
从	cóng	from, by, since, whence, through	人 9.2	4	2	142	98
想	xiǎng	think, speculate, plan, consider	心 61.9	13	1	2867	99
实	shí	real, true; honest, sincere	宀 40.5	8	3	1285	100
日	rì	sun; day; daytime	日 72.0	4	2	112	101
军	jūn	army, military; soldiers, troops	車 159.2	6	5	552	102
者	zhě	that which; he who; those who	老 125.4	8	3	969	103
意	yì	thought, idea, opinion; think	心 61.9	13	2	2996	104
无	wú	negative, no, not; KangXi radical 71	无 71.0	4	4	81	105
力	lì	power, capability, influence	力 19.0	2	3	19	106
它	tā	it; other	宀 40.2	5	2	314	107
与	yǔ	and; with; to; for; give, grant	一 1.3	3	4	34	108
长	zhǎng	long; length; excel in; leader	長 168.0	4	2	127	109
把	bǎ	hold, take; guard; regard as	手 64.4	7	3	655	110
机	jī	desk; machine; moment	木 75.2	6	1	377	111
十	shí	ten, tenth; complete; perfect	十 24.0	2	1	4	112
民	mín	people, subjects, citizens	氏 83.1	5	4	327	113
第	dì	sequence, number; grade, degree	竹 118.5	11	2	2322	114
公	gōng	fair, equitable; public; duke	八 12.2	4	2	148	115
此	cǐ	this, these; in this case, then	止 77.2	6	4	411	116
已	yǐ	already; finished; stop	己 49.0	3	2	61	117
工	gōng	labor, work; worker, laborer	工 48.0	3	1	26	118
使	shǐ	cause, send on a mission, order; envoy, messenger, ambassador	人 9.6	8	4	1139	119
情	qíng	feeling, sentiment, emotion	心 61.8	11	2	2438	120
明	míng	bright, light, brilliant; clear	日 72.4	8	1	1087	121
性	xìng	nature, character, sex	心 61.5	8	4	1268	122
知	zhī	know, perceive, comprehend	矢 111.3	8	2	1122	123
全	quán	maintain, keep whole or intact	入 11.4	6	4	485	124
三	sān	three	一 1.2	3	1	22	125
又	yòu	and, also, again, in addition	又 29.0	2	3	21	126
关	guān	frontier pass; close; relation	八 12.4	6	1	532	127
点	diǎn	dot, speck, spot; point, degree	火 86.5	9	1	1469	128
正	zhèng	right, proper, correct	止 77.1	5	2	198	129
业	yè	profession, business; GB radical 111	一 1.4	5	3	231	130
外	wài	out, outside, external; foreign	夕 36.2	5	2	293	131
将	jiāng	will, going to, future; general	爿 90.6	9	4	1617	132
两	liǎng	two, both, pair, couple; ounce	一 1.6	7	2	697	133
高	gāo	high, tall; lofty, elevated	高 189.0	10	1	2021	134
间	jiān	midpoint, space; place, locality	門 169.4	7	2	847	135
由	yóu	cause, reason; from	田 102.0	5	4	245	136
问	wèn	ask about, inquire after	門 169.3	6	2	528	137
很	hěn	very, quite, much	彳 60.6	9	1	1584	138
最	zuì	most, extremely, exceedingly	曰 73.8	12	2	2614	139
重	zhòng	heavy, weighty; double	里 166.2	9	3	1552	140
并	bìng		干 51.5	6	4	531	141
物	wù	thing, substance, creature	牛 93.4	8	3	1127	142
手	shǒu	hand	手 64.0	4	2	121	143
应	yīng	should, ought to, must	广 53.4	7	3	836	144
战	zhàn	war, fighting, battle	戈 62.5	9	5	1468	145
向	xiàng	toward, direction, trend	口 30.3	6	3	480	146
头	tóu	head; top; chief, first; boss	大 37.2	5	3	310	147
文	wén	literature, culture, writing	文 67.0	4	3	161	148
体	tǐ	body; group, class, body, unit; inferior	人 9.5	7	2	770	149
政	zhèng	government, political affairs	攴 66.4	9	5	1376	150
美	měi	beautiful, pretty; pleasing	羊 123.3	9	4	1642	151
相	xiāng	mutual, reciprocal, each other	目 109.4	9	3	1430	152
见	jiàn	see, observe, behold; perceive	見 147.0	4	1	118	153
被	bèi		衣 145.5	10	3	2118	154
利	lì	gains, advantage, profit, merit	刀 18.5	7	4	763	155
什	shén	file of ten soldiers; mixed, miscellaneous	人 9.2	4	1	129	156
二	èr	two; twice	二 7.0	2	1	3	157
等	děng		竹 118.6	12	2	2681	158
产	chǎn	give birth, bring forth, produce	立 117.1	6	5	522	159
或	huò	or, either, else; perhaps, maybe	戈 62.4	8	3	1035	160
新	xīn	new, recent, fresh, modern	斤 69.9	13	2	2994	161
己	jǐ	self, oneself; personal, private; 6th heavenly stem	己 49.0	3	3	60	162
制	zhì	system; establish; overpower	刀 18.6	8	5	1121	163
身	shēn	body; trunk, hull; rad. no. 158	身 158.0	7	2	786	164
果	guǒ	fruit; result	木 75.4	8	1	1079	165
加	jiā	add to, increase, augment	力 19.3	5	3	335	166
西	xī	west(ern); westward, occident	襾 146.0	6	1	384	167
斯	sī	this, thus, such; to lop off; emphatic particle	斤 69.8	12	6	2541	168
月	yuè	moon; month; KangXi radical 74	月 74.0	4	1	150	169
话	huà	speech, talk, language; dialect	言 149.6	8	1	1296	170
合	hé	combine, unite, join; gather	口 30.3	6	4	488	171
回	huí	return, turn around; a time	囗 31.3	6	1	438	172
特	tè	special, unique, distinguished	牛 93.6	10	3	1938	173
代	dài	replace, replacement (of person or generation); era, generation	人 9.3	5	5	271	174
内	nèi	inside	入 11.2	4	4	116	175
信	xìn	trust, believe; letter	人 9.7	9	3	1570	176
表	biǎo	show, express, manifest, display	衣 145.3	8	2	951	177
化	huà	change, convert, reform; -ize	匕 21.2	4	3	132	178
老	lǎo	old, aged; experienced	老 125.0	6	1	360	179
给	gěi	give; by, for	糸 120.6	9	2	1758	180
世	shì	generation; world; era	一 1.4	5	3	206	181
位	wèi	throne; position, post; rank, status; seat	人 9.5	7	3	784	182
次	cì	order, sequence; next	欠 76.2	6	2	521	183
度	dù	degree, system; manner; to consider	广 53.6	9	4	1622	184
门	mén	gate, door, entrance, opening	門 169.0	3	2	55	185
任	rèn	trust to, rely on, appoint; to bear, duty, office; allow	人 9.4	6	4	467	186
常	cháng	common, normal, frequent, regular	巾 50.8	11	2	2257	187
先	xiān	first, former, previous	儿 10.4	6	1	446	188
海	hǎi	sea, ocean; maritime	水 85.7	10	4	2074	189
通	tōng	pass through, common, communicate	辵 162.7	10	4	2145	190
教	jiào	teach, class	攴 66.7	11	2	2179	191
儿	ér	son, child; KangXi radical 10	儿 10.0	2	1	12	192
原	yuán	source, origin, beginning	厂 27.8	10	4	1868	193
东	dōng	east, eastern, eastward	一 1.4	5	1	225	194
声	shēng	sound, voice, noise; tone; music	士 33.4	7	3	654	195
提	tí	hold in hand; lift in hand	手 64.9	12	3	2520	196
立	lì	stand; let stand; establish, set	立 117.0	5	5	302	197
及	jí	extend; reach; come up to; and	又 29.2	3	4	52	198
比	bǐ	to compare, liken; comparison; than	比 81.0	4	2	105	199
员	yuán	member; personnel, staff member	口 30.4	7	2	737	200
解	jiě	loosen, unfasten, untie; explain	角 148.6	13	3	2981	201
水	shuǐ	water, liquid, lotion, juice	水 85.0	4	1	117	202
名	míng	name, rank, title, position	口 30.3	6	1	505	203
真	zhēn	real, actual, true, genuine	目 109.5	10	2	1832	204
论	lùn	debate; discuss; discourse	言 149.4	6	4	556	205
处	chù	place, locale; department	夂 34.2	5	4	294	206
走	zǒu	walk, go on foot; run; leave	走 156.0	7	2	625	207
义	yì	right conduct, righteousness	丿 4.2	3	5	57	208
各	gè	each, individually, every, all	口 30.3	6	4	506	209
入	rù	enter, come in(to), join	入 11.0	2	4	11	210
几	jǐ	small table	几 16.0	2	1	14	211
口	kǒu	mouth; open end; entrance, gate	口 30.0	3	3	38	212
认	rèn	recognize, know, understand	言 149.2	4	1	171	213
条	tiáo	clause, condition; string, stripe	木 75.3	7	2	816	214
平	píng	flat, level, even; peaceful	干 51.2	5	3	222	215
系	xì	system; line, link, connection	糸 120.1	7	1	825	216
气	qì	steam, vapor; KangXi radical 84	气 84.0	4	1	122	217
题	tí	forehead; title, headline; theme	頁 181.9	15	2	3233	218
活	huó	live, exist, survive; lively	水 85.6	9	4	1672	219
尔	ěr	you; that, those; final particle	小 42.2	5	4	286	220
更	gèng	more, still further, much more	曰 73.3	7	3	693	221
别	bié	separate, other; do not	刀 18.5	7	2	751	222
打	dǎ	strike, hit, beat; fight; attack	手 64.2	5	1	196	223
女	nǚ	woman, girl; feminine; rad. 38	女 38.0	3	1	67	224
变	biàn	change, transform, alter; rebel	又 29.6	8	3	1204	225
四	sì	four	囗 31.2	5	1	262	226
神	shén	spirit, god, supernatural being	示 113.5	9	5	1711	227
总	zǒng	collect; overall, altogether	八 12.7	9	3	1654	228
何	hé	what, why, where, which, how	人 9.5	7	4	771	229
电	diàn	electricity; electric; lightning	曰 73.1	5	1	242	230
数	shù	number; several, count; fate	攴 66.9	13	3	2999	231
安	ān	peaceful, tranquil, quiet	宀 40.3	6	3	549	232
少	shǎo	few, less, inadequate	小 42.1	4	1	110	233
报	bào	report, tell, announce	手 64.4	7	2	656	234
才	cái	talent, ability; just, only	手 64.0	3	3	29	235
结	jié	knot, tie; join, connect	糸 120.6	9	3	1754	236
反	fǎn	reverse, opposite, contrary, anti	又 29.2	4	4	139	237
受	shòu	receive, accept, get; bear, stand	又 29.6	8	4	1174	238
目	mù	eye; look, see; division, topic	目 109.0	5	3	236	239
太	tài	very, too, much; big; extreme	大 37.1	4	1	93	240
量	liàng	measure, quantity, capacity	里 166.5	12	4	2616	241
再	zài	again, twice, re-	冂 13.4	6	1	382	242
感	gǎn	feel, perceive, emotion	心 61.9	13	3	2875	243
建	jiàn	build, establish, erect, found	廴 54.6	8	4	1302	244
务	wù	affairs, business; must, should	夂 34.2	5	2	297	245
做	zuò	work, make; act	人 9.9	11	1	2324	246
接	jiē	receive; continue; catch; connect	手 64.8	11	3	2185	247
必	bì	surely, most certainly; must	心 61.1	5	3	321	248
场	chǎng	open space, field, market	土 32.3	6	2	367	249
件	jiàn	numerary adjunct for article; matter	人 9.4	6	2	466	250
计	jì	plan, plot; strategem; scheme	言 149.2	4	4	168	251
管	guǎn	pipe, tube, duct; woodwind music	竹 118.8	14	4	3123	252
期	qī	period of time; date; time limit	月 74.8	12	1	2542	253
市	shì	market, fair; city, town; trade	巾 50.2	5	3	301	254
直	zhí	straight, erect, vertical	目 109.3	8	3	1011	255
德	dé	ethics, morality, virtue	彳 60.12	15	5	3272	256
资	zī	property; wealth; capital	貝 154.6	10	4	2039	257
命	mìng	life; destiny, fate, luck; an order, instruction	口 30.5	8	4	1168	258
山	shān	mountain, hill, peak	山 46.0	3	3	39	259
金	jīn	gold; metals in general; money	金 167.0	8	4	1166	260
指	zhǐ	finger, toe; point, indicate	手 64.6	9	4	1389	261
克	kè	gram; overcome; transliteration	儿 10.5	7	4	675	262
许	xǔ	allow, permit; promise; betroth	言 149.4	6	4	554	263
统	tǒng	govern, command, control; unite	糸 120.6	9	5	1765	264
区	qū	area, district, region, ward	匸 23.2	4	4	94	265
保	bǎo	protect, safeguard, defend, care	人 9.7	9	4	1562	266
至	zhì	reach, arrive; extremely, very	至 133.0	6	4	410	267
队	duì	team, group; army unit	阜 170.2	4	4	180	268
形	xíng	form, shape, appearance	彡 59.4	7	5	604	269
社	shè	god of the soil and altars to him; group of families; company, society	示 113.3	7	4	890	270
便	biàn	convenience, ease; expedient	人 9.7	9	2	1556	271
空	kōng	empty, hollow, bare, deserted	穴 116.3	8	3	1282	272
决	jué	decide, determine, judge	冫 15.4	6	3	523	273
治	zhì	govern, regulate, administer	水 85.5	8	5	1264	274
展	zhǎn	open, unfold; stretch, extend	尸 44.7	10	4	2131	275
马	mǎ	horse; surname; KangXi radical 187	馬 187.0	3	3	72	276
科	kē	section, department, science	禾 115.4	9	4	1551	277
司	sī	take charge of, control, manage; officer	口 30.2	5	2	325	278
五	wǔ	five; surname	二 7.2	4	1	88	279
基	jī	foundation, base	土 32.8	11	4	2193	280
眼	yǎn	eye; eyelet, hole, opening	目 109.6	11	2	2263	281
书	shū	book, letter, document; writings	丨 2.3	4	1	188	282
非	fēi	not, negative, non-; oppose	非 175.0	8	2	1064	283
则	zé	rule, law, regulation; grades	刀 18.4	6	4	440	284
听	tīng	hear; understand; obey, comply	口 30.4	7	1	739	285
白	bái	white; pure, unblemished; bright	白 106.0	5	2	275	286
却	què	still, but; decline; retreat	卩 26.5	7	4	658	287
界	jiè	boundary, limit; domain; society; the world	田 102.4	9	3	1496	288
达	dá	arrive at, reach; intelligent; smooth, slippery	辵 162.3	6	5	398	289
光	guāng	light, brilliant, shine; only	儿 10.4	6	4	417	290
放	fàng	put, release, free, liberate	攴 66.4	8	3	1223	291
强	qiáng	strong, powerful, energetic	弓 57.9	12	5	2802	292
即	jí	promptly, quickly, immediately	卩 26.5	7	4	901	293
像	xiàng	a picture, image, figure; to resemble	人 9.12	13	3	2961	294
难	nán	difficult, arduous, hard; unable	又 29.8	10	3	2147	295
且	qiě	moreover, also (post-subject); about to, will soon (pre-verb)	一 1.4	5	3	237	296
权	quán	power, right, authority	木 75.2	6	5	378	297
思	sī	think, consider, ponder; final particle	心 61.5	9	2	1500	298
王	wáng	king, ruler; royal; surname	玉 96.0	4	5	75	299
象	xiàng	elephant; ivory; figure, image	豕 152.5	11	4	2361	300
完	wán	complete, finish, settle; whole	宀 40.4	7	2	877	301
设	shè	build; establish; display	言 149.4	6	5	560	302
式	shì	style, system, formula, rule	弋 56.3	6	4	349	303
色	sè	color, tint, hue, shade; form, body; beauty, desire for beauty	色 139.0	6	2	509	304
路	lù	road, path, street; journey	足 157.6	13	2	2918	305
记	jì	record; keep in mind, remember	言 149.3	5	3	323	306
南	nán	south; southern part; southward	十 24.7	9	3	1422	307
品	pǐn	article, product, commodity	口 30.6	9	5	1503	308
住	zhù	reside, live at, dwell, lodge; stop	人 9.5	7	1	783	309
告	gào	tell, announce, inform; accuse	口 30.4	7	2	760	310
类	lèi	class, group, kind, category	大 37.6	9	5	1646	311
求	qiú	seek; demand, request; beseech	水 85.2	7	3	690	312
据	jù	to occupy, take possession of; a base, position	手 64.8	11	3	2189	313
程	chéng	journey, trip; schedule, agenda	禾 115.7	12	4	2677	314
北	běi	north; northern; northward	匕 21.3	5	1	227	315
边	biān	edge, margin, side, border	辵 162.2	5	2	337	316
死	sǐ	die; dead; death	歹 78.2	6	4	400	317
张	zhāng	stretch, extend, expand; sheet	弓 57.4	7	3	909	318
该	gāi	should, ought to, need to	言 149.6	8	3	1300	319
交	jiāo	mix; intersect; exchange, communicate; deliver	亠 8.4	6	4	519	320
规	guī	rules, regulations, customs, law	見 147.4	8	4	952	321
万	wàn	ten thousand; innumerable	一 1.2	3	3	35	322
取	qǔ	take, receive, obtain; select	又 29.6	8	4	997	323
拉	lā	pull, drag; seize, hold; lengthen	手 64.5	8	4	981	324
格	gé	pattern, standard, form; style	木 75.6	10	4	1845	325
望	wàng	to look at, look forward; to hope, expect	月 74.7	11	2	2394	326
觉	jué	to wake up from sleep; conscious	見 147.5	9	1	1694	327
术	shù	art, skill, special feat; method, technique	木 75.1	5	4	211	328
领	lǐng	neck; collar; lead, guide	頁 181.5	11	5	2354	329
共	gòng	together with, all, total; to share	八 12.4	6	2	371	330
确	què	sure, certain; real, true	石 112.7	12	4	2591	331
传	chuán	summon; propagate, transmit	人 9.4	6	4	455	332
师	shī	teacher, master, specialist	巾 50.3	6	1	413	333
观	guān	see, observe, view; appearance	見 147.2	6	4	586	334
清	qīng	clear, pure, clean; peaceful	水 85.8	11	3	2410	335
今	jīn	now, today, modern era	人 9.2	4	1	144	336
切	qiè	cut, mince, slice, carve	刀 18.2	4	4	107	337
院	yuàn	courtyard, yard, court; school	阜 170.7	9	1	1734	338
让	ràng	allow, permit, yield, concede	言 149.3	5	2	317	339
识	shí	recognize, understand, know	言 149.5	7	1	892	340
候	hòu	wait; expect; visit; greet	人 9.8	10	1	1964	341
带	dài	belt, girdle, band, strap, zone	巾 50.6	9	3	1407	342
导	dǎo	direct, guide, lead, conduct	寸 41.3	6	4	567	343
争	zhēng	dispute, fight, contend, strive	亅 6.5	6	4	508	344
运	yùn	run; simplified form of 運 luck, fortune; ship, transport	辵 162.4	7	2	611	345
笑	xiào	smile, laugh, giggle; snicker	竹 118.4	10	2	1952	346
飞	fēi	fly; go quickly; dart; high	乙 5.2	3	1	69	347
风	fēng	wind; air; manners, atmosphere	風 182.0	4	3	154	348
步	bù	step, pace; walk, stroll	止 77.3	7	2	710	349
改	gǎi	change, alter; improve, remodel	攴 66.3	7	4	908	350
收	shōu	gather together, collect; harvest	攴 66.2	6	4	573	351
根	gēn	root, base(d on); foundation	木 75.6	10	3	1850	352
干	gàn	oppose, offend; invade; dried	干 51.0	3	3	23	353
造	zào	construct, build, make, begin; prepare	辵 162.7	10	5	1940	354
言	yán	words, speech; speak, say	言 149.0	7	4	826	355
联	lián	connect, join; associate, ally	耳 128.6	12	4	2544	356
持	chí	sustain, support; hold, grasp	手 64.6	9	4	1367	357
组	zǔ	class; section, department	糸 120.5	8	5	1338	358
每	měi	every, each	毋 80.3	7	2	767	359
济	jì	help, aid, relieve; ferry, cross	水 85.6	9	4	1678	360
车	chē	cart, vehicle; carry in cart	車 159.0	4	1	100	361
亲	qīn	relatives, parents; intimate the hazel nut or filbert tree a thorny tree	立 117.4	9	4	1631	362
极	jí	extreme, utmost, furthest, final	木 75.3	7	3	687	363
林	lín	forest, grove; surname	木 75.4	8	4	1018	364
服	fú	clothes; wear, dress	月 74.4	8	1	1190	365
快	kuài	rapid, quick, speedy, fast; soon	心 61.4	7	2	876	366
办	bàn	manage, do, handle; deal with	力 19.2	4	3	181	367
议	yì	consult, talk over, discuss	言 149.3	5	3	320	368
往	wǎng	go, depart; past, formerly	彳 60.5	8	2	1160	369
元	yuán	first; dollar; origin; head	儿 10.2	4	3	80	370
英	yīng	petal, flower, leaf; brave, a hero; England, English	艸 140.5	8	5	1006	371
士	shì	scholar, gentleman; soldier	士 33.0	3	4	28	372
证	zhèng	prove, confirm, verify; proof	言 149.5	7	4	885	373
近	jìn	near, close; approach; intimate	辵 162.4	7	2	791	374
失	shī	lose; make mistake, neglect	大 37.2	5	4	265	375
转	zhuǎn	shift, move, turn	車 159.4	8	4	1059	376
夫	fū	man, male adult, husband; those	大 37.1	4	2	79	377
令	lìng		人 9.3	5	5	282	378
准	zhǔn	approve, allow, permit; in accord	冫 15.8	10	2	2024	379
布	bù	cotton cloth, textiles, linen	巾 50.2	5	5	218	380
始	shǐ	begin, start; then, only then	女 38.5	8	2	1329	381
怎	zěn	what? why? how?	心 61.5	9	1	1543	382
呢	ne	interrogative or emphatic final; (Cant.) this	口 30.5	8	1	1102	383
存	cún	exist, live, be; survive; remain	子 39.3	6	4	391	384
未	wèi	not yet; 8th terrestrial branch	木 75.1	5	5	192	385
远	yuǎn	distant, remote, far; profound	辵 162.4	7	2	608	386
叫	jiào	cry, shout; hail, greet, call	口 30.2	5	1	253	387
台	tái	platform; unit; term of address	口 30.2	5	4	342	388
单	dān	single, individual, only; lone	八 12.6	8	3	1232	389
影	yǐng	shadow; image, reflection; photograph	彡 59.12	15	1	3240	390
具	jù	tool, implement; draw up, write	八 12.6	8	4	1077	391
罗	luō	net for catching birds; gauze	网 122.3	8		1108	392
字	zì	letter, character, word	子 39.3	6	1	548	393
爱	ài	love, be fond of, like	爪 87.6	10	1	1987	394
击	jī	strike, hit, beat; attack, fight	凵 17.3	5	5	195	395
流	liú	flow, circulate, drift; class	水 85.6	10	4	2080	396
备	bèi	prepare, ready, perfect	夂 34.5	8	2	1200	397
兵	bīng	soldier, troops	八 12.5	7	5	768	398
连	lián	join, connect; continuous; even	辵 162.4	7	4	708	399
调	diào	transfer, move, change; tune	言 149.8	10	3	2123	400
深	shēn	deep; depth; far; very, extreme	水 85.8	11	4	2432	401
商	shāng	commerce, business, trade	口 30.8	11	1	2391	402
算	suàn	count, calculate, figure; plan	竹 118.8	14	3	3121	403
质	zhì	matter, material, substance	厂 27.4	8	4	1157	404
团	tuán	sphere, ball, circle; mass, lump	囗 31.3	6	5	425	405
集	jí	assemble, collect together	隹 172.4	12	5	2694	406
百	bǎi	one hundred; numerous, many	白 106.1	6	2	389	407
需	xū	need, require, must	雨 173.6	14	3	3095	408
价	jià	price, value	人 9.4	6	4	469	409
花	huā	flower; blossoms	艸 140.4	7	3	665	410
党	dǎng	political party, gang, faction	儿 10.8	10	6	1885	411
华	huá	flowery; illustrious; Chinese	十 24.4	6	5	472	412
城	chéng	castle; city, town; municipality	土 32.7	9	3	1373	413
石	shí	stone, rock, mineral; rad. 112	石 112.0	5	5	216	414
级	jí	level, rank, class; grade	糸 120.3	6	3	594	415
整	zhěng	orderly, neat, tidy; whole	攴 66.11	16	4	3333	416
府	fǔ	prefecture; prefect; government	广 53.5	8	5	1211	417
离	lí	rare beast; strange; elegant	禸 114.6	10	2	2035	418
况	kuàng	condition, situation; furthermore	冫 15.5	7	4	830	419
亚	yà	Asia; second	一 1.5	6	4	373	420
请	qǐng	ask, request; invite; please	言 149.8	10	1	2108	421
技	jì	skill, ability, talent, ingenuity	手 64.4	7	4	615	422
际	jì	border, boundary, juncture	阜 170.5	7	4	911	423
约	yuē	treaty, agreement, covenant	糸 120.3	6	4	593	424
示	shì	show, manifest; demonstrate	示 113.0	5	4	194	425
复	fù	return; repeat; repeatedly	夊 35.6	9	3	1553	426
病	bìng	illness, sickness, disease	疒 104.5	10	2	2027	427
息	xī	rest, put stop to, end, cease	心 61.6	10	2	1973	428
究	jiū	examine, investigate	穴 116.2	7	4	881	429
线	xiàn	line, thread, wire; clue	糸 120.5	8	4	1336	430
似	shì	resemble, similar to; as if, seem	人 9.5	6	5	481	431
官	guān	official, public servant	宀 40.5	8	5	1281	432
火	huǒ	fire, flame; burn; anger, rage	火 86.0	4	2	164	433
断	duàn	sever, cut off; interrupt	斤 69.7	11	4	2405	434
精	jīng	essence; semen; spirit	米 119.8	14	4	3153	435
满	mǎn	fill; full, satisfied	水 85.10	13	3	3005	436
支	zhī	disperse, pay; support; branch	支 65.0	4	4	89	437
视	shì	look at, inspect, observe, see	見 147.4	8	1	1294	438
消	xiāo	vanish, die out; melt away	水 85.7	10	4	2071	439
越	yuè	exceed, go beyond; the more ...	走 156.5	12	3	2514	440
器	qì	receptacle, vessel; instrument	口 30.13	16	5	3348	441
容	róng	looks, appearance; figure, form	宀 40.7	10	3	2105	442
照	zhào	shine, illumine, reflect	火 86.9	13	3	2911	443
须	xū	must, have to, necessary	彡 59.6	9	3	1585	444
九	jiǔ	nine	乙 5.1	2	1	15	445
增	zēng	increase, add to, augment	土 32.12	15	4	3204	446
研	yán	grind, rub; study, research	石 112.6	9	4	1446	447
写	xiě	write; draw, sketch; compose	冖 14.3	5	1	316	448
称	chēng	call; name, brand; address; say	禾 115.5	10	5	1948	449
企	qǐ	plan a project; stand on tiptoe	人 9.4	6	5	490	450
八	bā	eight; all around, all sides	八 12.0	2	1	9	451
功	gōng	achievement, merit, good result	力 19.3	5	4	202	452
吗	ma	final interrogative particle	口 30.3	6	1	432	453
包	bāo	wrap, pack, bundle; package	勹 20.3	5	3	298	454
片	piàn	slice, splinter, strip; rad. 91	片 91.0	4	3	130	455
史	shǐ	history, chronicle, annals	口 30.2	5	3	248	456
委	wěi	appoint, send, commission	女 38.5	8	5	1133	457
乎	hū	interrogative or exclamatory final particle	丿 4.4	5	3	280	458
查	chá	investigate, examine, seek into	木 75.5	9	3	1431	459
轻	qīng	light; easy, simple; gentle	車 159.5	9	3	1463	460
易	yì	change; easy	日 72.4	8	3	1088	461
早	zǎo	early; soon; morning	日 72.2	6	2	419	462
曾	céng	already; sign of past	曰 73.8	12	5	2747	463
除	chú	eliminate, remove, except	阜 170.7	9	3	1732	464
农	nóng	agriculture, farming; farmer	冖 14.4	6	5	558	465
找	zhǎo	search, seek, look for; find	手 64.4	7	2	621	466
装	zhuāng	dress, clothes, attire; fill	衣 145.6	12	5	2726	467
广	guǎng	wide, extensive, broad; rad. 53	广 53.0	3	4	53	468
显	xiǎn	manifest, display; evident, clear	日 72.5	9	5	1485	469
吧	ba	emphatic final particle	口 30.4	7	2	747	470
阿	ā		阜 170.5	7	3	913	471
李	lǐ	plum; judge; surname	木 75.3	7	3	688	472
标	biāo	mark, symbol, label, sign; stand the bole of a tree	木 75.5	9	4	1424	473
谈	tán	talk; conversation; surname	言 149.8	10	4	2127	474
吃	chī	eat; drink; suffer, endure, bear	口 30.3	6	1	429	475
图	tú	diagram; chart, map, picture	囗 31.5	8	3	1119	476
念	niàn	think of, recall, study	心 61.4	8	5	1177	477
六	liù	number six	八 12.2	4	1	160	478
引	yǐn	to pull, draw out, attract; to stretch	弓 57.1	4	4	176	479
历	lì	history; calendar	厂 27.2	4	3	95	480
首	shǒu	head; first; leader, chief; a poem	首 185.0	9	4	1651	481
医	yī	cure, heal; doctor, medical	匸 23.5	7	1	700	482
局	jú	bureau, office; circumstance	尸 44.4	7	4	907	483
突	tū	suddenly, abruptly, unexpectedly	穴 116.4	9	3	1700	484
专	zhuān	monopolize, take sole possession	一 1.3	4	4	83	485
费	fèi	expenses, expenditures, fee	貝 154.5	9	4	1726	486
号	hào	mark, sign; symbol; number	口 30.2	5	1	243	487
尽	jǐn	exhaust, use up; deplete	尸 44.3	6	4	566	488
另	lìng	another, separate, other	口 30.2	5	4	256	489
周	zhōu	Zhou dynasty; circumference	口 30.5	8	3	1192	490
较	jiào	compare; comparatively, more	車 159.6	10	3	1876	491
注	zhù	concentrate, focus, direct	水 85.5	8	3	1252	492
语	yǔ	language, words; saying, expression	言 149.7	9	1	1707	493
仅	jǐn	only, merely, solely, just	人 9.2	4	4	136	494
考	kǎo	examine, test; investigate	老 125.0	6	2	358	495
落	luò	fall, drop; net income, surplus	艸 140.9	12	4	2557	496
青	qīng	blue, green, black; young	青 174.0	8	5	947	497
随	suí	follow, listen to, submit to	阜 170.10	11	4	2476	498
选	xuǎn	choose, select; elect; election	辵 162.6	9	3	1545	499
列	liè	a line; to arrange in order, classify	刀 18.4	6	4	399	500
武	wǔ	military; martial, warlike	止 77.4	8	5	946	501
红	hóng	red, vermillion; blush, flush	糸 120.3	6	2	589	502
响	xiǎng	make sound, make noise; sound	口 30.6	9	3	1509	503
虽	suī	although, even if	虫 142.3	9	2	1502	504
推	tuī	push, expel; push forward	手 64.8	11	4	2174	505
势	shì	power, force; tendency	力 19.6	8	5	977	506
参	cān	take part in, intervene; ginseng	厶 28.6	8	3	1334	507
希	xī	rare; hope, expect, strive for	巾 50.4	7	2	796	508
古	gǔ	old, classic, ancient	口 30.2	5	5	208	509
众	zhòng	multitude, crowd; masses, public	人 9.4	6	4	491	510
构	gòu	frame, building, structure	木 75.4	8	5	1029	511
房	fáng	house, building; room	戶 63.4	8	2	1290	512
半	bàn	half	十 24.3	5	3	307	513
节	jié	knot, node, joint; section	艸 140.2	5	3	209	514
土	tǔ	soil, earth; items made of earth	土 32.0	3	5	27	515
投	tóu	throw, cast, fling, pitch; jump	手 64.4	7	5	643	516
某	mǒu	certain thing or person	木 75.5	9	5	1399	517
案	àn	table, bench; legal case	木 75.6	10	4	2107	518
黑	hēi	black; dark; evil, sinister	黑 203.0	12	2	2655	519
维	wéi	maintain, preserve, safeguard	糸 120.8	11	5	2492	520
革	gé	leather, animal hides; rad. 177	革 177.0	9	5	1403	521
划	huà	to row or paddle boat; to scratch	刀 18.4	6	4	407	522
敌	dí	enemy, foe, rival; resist	舌 135.4	10	5	1942	523
致	zhì	send, deliver, present; cause	至 133.3	10	5	1879	524
陈	chén	exhibit, display; plead; a surname	阜 170.5	7	6	914	525
律	lǜ	statute, principle, regulation	彳 60.6	9	4	1583	526
足	zú	foot; attain, satisfy, enough	足 157.0	7	2	731	527
态	tài	manner, bearing, attitude	心 61.4	8	4	1052	528
护	hù	protect, guard, defend, shelter	手 64.4	7	3	649	529
七	qī	seven	一 1.1	2	1	7	530
兴	xìng	thrive, prosper, flourish	八 12.4	6	1	544	531
派	pài	school of thought, sect, branch	水 85.6	9	5	1673	532
孩	hái	baby, child; children	子 39.6	9	2	1730	533
验	yàn	test, examine, inspect; verify	馬 187.7	10	4	2152	534
责	zé		貝 154.4	8	4	948	535
营	yíng	encampment, barracks; manage	艸 140.8	11	5	2214	536
星	xīng	a star, planet; any point of light	日 72.5	9	1	1488	537
够	gòu	enough, adequate	夕 36.8	11	4	2362	538
章	zhāng	composition; chapter, section	立 117.6	11	4	2389	539
音	yīn	sound, tone, pitch, pronunciation	音 180.0	9	3	1632	540
跟	gēn	heel; to follow, accompany; with	足 157.6	13	3	2920	541
志	zhì	purpose, will, determination; annals	心 61.3	7	4	651	542
底	dǐ	bottom, underneath, underside	广 53.5	8	4	1212	543
站	zhàn	stand up; a stand, station	立 117.5	10	2	2041	544
严	yán	strict, rigorous, rigid; stern	一 1.6	7	4	671	545
巴	bā	greatly desire, anxiously hope	己 49.1	4	5	178	546
例	lì	precedent, example; regulation	人 9.6	8	4	1140	547
防	fáng	defend; prevent; embankment	阜 170.4	6	5	576	548
族	zú	a family clan, ethnic group, tribe	方 70.7	11	4	2392	549
供	gōng	supply, provide for; offer in worship	人 9.6	8	4	1138	550
效	xiào	result, effect; effectiveness	攴 66.6	10	4	2034	551
续	xù	continue, carry on; succeed	糸 120.8	11	4	2488	552
施	shī	grant, bestow; give; act; name	方 70.5	9	5	1634	553
留	liú	stop, halt; stay, detain, keep	田 102.5	10	3	2009	554
讲	jiǎng	explain; discuss; talk	言 149.4	6	3	550	555
型	xíng	pattern, model, type; law; mold	土 32.6	9	5	1363	556
料	liào	consider, conjecture; materials, ingredients	斗 68.6	10	3	2054	557
终	zhōng	end; finally, in the end	糸 120.5	8	3	1344	558
答	dá	answer, reply; return; assent to	竹 118.6	12	3	2687	559
紧	jǐn	tense, tight, taut; firm, secure	糸 120.4	10	4	1884	560
黄	huáng	yellow; surname	黃 201.0	11	3	2201	561
绝	jué	to cut, sever, break off, terminate	糸 120.6	9	4	1762	562
奇	qí	strange, unusual, uncanny, occult	大 37.5	8	3	1050	563
察	chá	examine, investigate; notice	宀 40.11	14	4	3174	564
母	mǔ	mother; female elders; female	毋 80.1	5	4	345	565
京	jīng	capital city	亠 8.6	8	1	1205	566
段	duàn	section, piece, division	殳 79.5	9	3	1555	567
依	yī	rely on, be set in; consent, obey a wish	人 9.6	8	5	1153	568
批	pī	comment, criticize; wholesale	手 64.4	7	4	622	569
群	qún	(same as 羣) group, crowd, multitude, mob	羊 123.7	13	5	3035	570
项	xiàng	neck, nape of neck; sum; funds	頁 181.3	9	5	1370	571
故	gù	ancient, old; reason, because	攴 66.5	9	3	1418	572
按	àn	put hand on, press down with hand	手 64.6	9	4	1395	573
河	hé	river; stream; yellow river	水 85.5	8	3	1244	574
米	mǐ	hulled or husked uncooked rice	米 119.0	6	1	533	575
围	wéi	surround, encircle, corral	囗 31.4	7	4	728	576
江	jiāng	large river; yangzi; surname	水 85.3	6	4	538	577
织	zhī	weave, knit; organize, unite	糸 120.5	8	5	1342	578
害	hài	injure, harm; destroy, kill	宀 40.7	10	3	2097	579
斗	dòu	Chinese peck; liquid measure	斗 68.0	4	5	166	580
双	shuāng	set of two, pair, couple; both	又 29.2	4	3	187	581
境	jìng	boundary, frontier; area, region	土 32.11	14	3	3061	582
客	kè	guest, traveller; customer	宀 40.6	9	1	1703	583
纪	jì	record, annal, historical account	糸 120.3	6	4	595	584
采	cǎi	collect, gather; pick, pluck	釆 165.1	8	5	1172	585
举	jǔ	raise, lift up; recommend	丶 3.8	9	4	1693	586
杀	shā	kill, slaughter, murder; hurt	木 75.2	6	5	487	587
攻	gōng	attack, assault; criticize	攴 66.3	7	6	630	588
父	fù	father; KangXi radical 88	父 88.0	4	4	141	589
苏	sū		艸 140.4	7	6	677	590
密	mì	dense, thick, close; intimate	宀 40.8	11	4	2458	591
低	dī	low; to lower, hang, bend, bow	人 9.5	7	4	781	592
朝	cháo	dynasty; morning	月 74.8	12	5	2559	593
友	yǒu	friend, companion; fraternity	又 29.2	4	1	97	594
诉	sù	accuse; sue; inform; narrate	言 149.5	7	2	894	595
止	zhǐ	stop, halt, desist; detain	止 77.0	4	4	109	596
细	xì	fine, tiny; slender, thin	糸 120.5	8	4	1340	597
愿	yuàn	sincere, honest, virtuous	心 61.10	14	3	3094	598
千	qiān	thousand; many, numerous; very; (Cant.) a cheater, swindler	十 24.1	3	2	41	599
值	zhí	price	人 9.8	10	4	1956	600
仍	réng	yet, still, as ever; again; keep -ing, continuing	人 9.2	4	4	135	601
男	nán	male, man; son; baron; surname	田 102.2	7	2	733	602
钱	qián	money, currency, coins	金 167.5	10	1	1928	603
破	pò	break, ruin, destroy; rout	石 112.5	10	4	1867	604
网	wǎng	net; network; KangXi radical 122	网 122.0	6	3	442	605
热	rè	hot; heat; fever; restless; zeal	火 86.6	10	1	1809	606
助	zhù	help, aid, assist	力 19.5	7	2	719	607
倒	dào	fall over; lie down; take turns	人 9.8	10	4	1960	608
育	yù	produce, give birth to; educate	肉 130.4	8	3	1225	609
属	shǔ	class, category, type; belong to	尸 44.9	12	5	2800	610
坐	zuò	sit; seat; ride, travel by	土 32.4	7	1	797	611
帝	dì	supreme ruler, emperor; god	巾 50.6	9	6	1633	612
限	xiàn	boundary, limit, line	阜 170.6	8	5	1323	613
船	chuán	ship, boat, vessel	舟 137.5	11	3	2345	614
脸	liǎn	face; cheek; reputation	肉 130.7	11	3	2359	615
职	zhí	duty, profession; office, post	耳 128.5	11	4	2192	616
速	sù	quick, prompt, speedy	辵 162.7	10	4	1853	617
刻	kè	carve, engrave; quarter hour	刀 18.6	8	3	1224	618
乐	lè	happy, glad; enjoyable; music	丿 4.4	5	2	287	619
否	fǒu	not, no, negative; final particle	口 30.4	7	4	703	620
刚	gāng	hard, tough, rigid, strong	刀 18.4	6	3	441	621
威	wēi	pomp, power; powerful; dominate	女 38.6	9	5	1444	622
毛	máo	hair, fur, feathers; coarse	毛 82.0	4	4	123	623
状	zhuàng	form; appearance; shape; official	犬 94.3	7	5	828	624
率	lǜ	to lead; ratio; rate; limit	玄 95.6	11	5	2395	625
甚	shén	great extent; considerably	甘 99.4	9	4	1400	626
独	dú	alone, single, solitary, only	犬 94.6	9	5	1602	627
球	qiú	ball, sphere, globe; round	玉 96.7	11	2	2155	628
般	bān	sort, manner, kind, category	舟 137.4	10	3	1980	629
普	pǔ	universal, general, widespread	日 72.8	12	4	2741	630
怕	pà	to fear, be afraid of; apprehensive	心 61.5	8	3	1269	631
弹	dàn	pellet, bullet, shot, shell	弓 57.8	11	4	2473	632
校	xiào	school; military field officer	木 75.6	10	1	1847	633
苦	kǔ	bitter; hardship, suffering	艸 140.5	8	4	999	634
创	chuàng	establish, create; knife cut	刀 18.4	6	5	494	635
假	jiǎ	falsehood, deception; vacation	人 9.9	11	3	2337	636
久	jiǔ	long time (ago); time passage, grow late	丿 4.2	3	3	47	637
错	cuò	error, blunder, mistake; wrong	金 167.8	13	2	2936	638
承	chéng	inherit, receive; succeed	手 64.4	8	5	1315	639
印	yìn	print, seal, stamp, chop, mark	卩 26.4	5	4	285	640
晚	wǎn	night, evening; late	日 72.7	11	2	2270	641
兰	lán	orchid; elegant, graceful	八 12.3	5		306	642
试	shì	test, try, experiment	言 149.6	8	2	1286	643
股	gǔ	thighs, haunches, rump; share	肉 130.4	8	5	1186	644
拿	ná	take, hold, grasp; bring; with	手 64.6	10	3	1983	645
脑	nǎo	brain	肉 130.6	10	1	2001	646
预	yù	prepare, arrange; in advance	頁 181.4	10	4	2148	647
谁	shuí	who? whom? whose? anyone?	言 149.8	10	1	2122	648
益	yì	profit, benefit; advantage	皿 108.5	10	5	2055	649
阳	yáng		阜 170.4	6	3	572	650
若	ruò	if, supposing, assuming; similar	艸 140.5	8	6	1002	651
哪	nǎ	which? where? how?	口 30.7	9	1	1515	652
微	wēi	small, prefix micro-, trifling	彳 60.10	13	4	2965	653
尼	ní	Buddhist nun; transliteration	尸 44.2	5		326	654
继	jì	continue, maintain, carry on	糸 120.7	10	4	2153	655
送	sòng	see off, send off; dispatch, give	辵 162.6	9	2	1645	656
急	jí	quick, quickly; urgent, pressing	心 61.5	9	3	1609	657
血	xuè	blood; radical number 143	血 143.0	6	5	479	658
惊	jīng	frighten, surprise, startle	心 61.8	11	4	2445	659
伤	shāng	wound, injury; fall ill from	人 9.4	6	4	468	660
素	sù	white (silk); plain; vegetarian; formerly; normally	糸 120.4	10	5	1775	661
药	yào	leaf of Dahurian angelica plant; medicine	艸 140.6	9	2	1423	662
适	shì	go, reach; appropriate, suitable	辵 162.6	9	4	1546	663
波	bō	waves, breakers; undulations	水 85.5	8	6	1261	664
夜	yè	night, dark; in night; by night	夕 36.5	8	5	1209	665
省	shěng	province; save, economize	目 109.4	9	4	1474	666
初	chū	beginning, initial, primary	刀 18.5	7	5	889	667
喜	xǐ	like, love, enjoy; joyful thing	口 30.9	12	1	2523	668
卫	wèi	guard, protect, defend	乙 5.2	3	4	65	669
源	yuán	spring; source, head; surname	水 85.10	13	5	3008	670
食	shí	eat; meal; food; KangXi radical number 184	食 184.0	9	5	1589	671
险	xiǎn	narrow pass, strategic point	阜 170.7	9	4	1733	672
待	dài	treat, entertain, receive; wait	彳 60.6	9	5	1580	673
述	shù	narrate, state, express	辵 162.5	8	5	1032	674
陆	lù	land, continental; army	阜 170.5	7	5	912	675
习	xí	practice; flapping wings	冫 15.1	3	1	70	676
置	zhì	place, lay out; set aside	网 122.8	13	5	2931	677
居	jū	live, dwell, reside, sit	尸 44.5	8	3	1308	678
劳	láo	labor, toil, do manual work	力 19.5	7	5	674	679
财	cái	wealth, valuables, riches	貝 154.3	7	5	756	680
环	huán	jade ring or bracelet; ring	玉 96.4	8	3	945	681
排	pái	row, rank, line	手 64.8	11	4	2168	682
福	fú	happiness, good fortune, blessing	示 113.9	13	4	3033	683
纳	nà	admit, take, receive, accept	糸 120.4	7	5	934	684
欢	huān	happy, pleased, glad; joy; enjoy	欠 76.2	6	1	587	685
雷	léi	thunder	雨 173.5	13	5	2884	686
警	jǐng	guard, watch; alert, alarm	言 149.13	19	4	3453	687
获	huò	obtain, get, receive; seize	艸 140.7	10	4	1827	688
模	mó	model, standard, pattern; copy	木 75.11	14	5	3078	689
充	chōng	fill, be full, supply	儿 10.4	6	5	525	690
负	fù	load, burden; carry, bear	貝 154.2	6	4	503	691
云	yún	say, speak; clouds	二 7.2	4	4	82	692
停	tíng	stop, suspend, delay; suitable	人 9.9	11	4	2333	693
木	mù	tree; wood, lumber; wooden	木 75.0	4	5	87	694
游	yóu	to swim; float, drift; wander, roam	水 85.9	12	2	2766	695
龙	lóng	dragon; symbolic of emperor	龍 212.0	5	5	221	696
树	shù	tree; plant; set up, establish	木 75.5	9	3	1439	697
疑	yí	doubt, question, suspect	疋 103.9	14	4	3136	698
层	céng	storey, layer, floor, stratum	尸 44.4	7	3	902	699
冷	lěng	cold, cool; lonely	冫 15.5	7	1	838	700
洲	zhōu	continent; island; islet	水 85.6	9	4	1680	701
冲	chōng	soar; pour boiling water over	冫 15.4	6	5	511	702
射	shè	shoot, eject, issue forth, emit	寸 41.7	10	5	1971	703
略	lüè	approximately, roughly; outline	田 102.6	11	5	2277	704
范	fàn	surname; bee-like insect	艸 140.5	8 9	5	1010	705
竟	jìng	finally, after all, at last	立 117.6	11	4	2390	706
句	jù	sentence	口 30.2	5	3	288	707
室	shì	room, home, house, chamber	宀 40.6	9	2	1697	708
异	yì	different, unusual, strange	廾 55.3	6	6	568	709
激	jī	arouse, excite, incite; quickly	水 85.13	16	4	3379	710
汉	hàn	Chinese people; Chinese language	水 85.2	5	1	311	711
村	cūn	village, hamlet; uncouth, vulgar	木 75.3	7	5	682	712
哈	hā	sound of laughter	口 30.6	9	5	1510	713
策	cè	scheme, plan; to whip; urge	竹 118.6	12	6	2683	714
演	yǎn	perform, put on; exercise	水 85.11	14	4	3167	715
简	jiǎn	simple, terse, succinct, a letter	竹 118.7	13	3	2954	716
卡	kǎ	card, punch card; calorie	卜 25.3	5	3	226	717
罪	zuì	crime, sin, vice; evil; hardship	网 122.8	13	6	2932	718
判	pàn	judge; discriminate; conclude	刀 18.5	7	4	849	719
担	dān	carry, bear, undertake	手 64.5	8	3	963	720
州	zhōu	administrative division, state	巛 47.3	6	6	535	721
静	jìng	quiet, still, motionless; gentle	青 174.6	14	3	3049	722
退	tuì	step back, retreat, withdraw	辵 162.6	9	5	1720	723
既	jì	already; de facto; since; then	无 71.5	9	4	1721	724
衣	yī	clothes, clothing; cover, skin	衣 145.0	6	1	520	725
您	nín		心 61.7	11	2	2331	726
宗	zōng	lineage, ancestry; ancestor, clan	宀 40.5	8	6	1275	727
积	jī	accumulate, store up, amass	禾 115.5	10	4	1945	728
余	yú	I, my, me; surname; surplus	人 9.5	7	5	795	729
痛	tòng	pain, ache; sorry, sad; bitter	疒 104.7	12	5	2734	730
检	jiǎn	check; examine	木 75.7	11	3	2227	731
差	chà	to differ; different, wrong; nearly, almost; an officer	工 48.7	9	3	1640	732
富	fù	abundant, ample; rich, wealthy	宀 40.9	12	4	2781	733
灵	líng	spirit, soul; spiritual world	彐 58.4	7	5	900	734
协	xié	be united; cooperate	十 24.4	6	6	383	735
角	jiǎo	horn; angle, corner; point	角 148.0	7	3	814	736
占	zhàn	divine; observe; versify	卜 25.3	5	4	228	737
配	pèi	match, pair; equal; blend	酉 164.3	10	5	1858	738
征	zhēng	invade, attack, conquer	彳 60.5	8	5	1159	739
修	xiū	study; repair; cultivate	人 9.8	9	4	1560	740
皮	pí	skin, hide, fur, feather; outer	皮 107.0	5	3	336	741
挥	huī	direct; wipe away; squander	手 64.6	9	5	1396	742
胜	shèng	victory; excel, be better than	肉 130.5	9	5	1594	743
降	jiàng	descend, fall, drop; lower, down	阜 170.6	8	4	1321	744
阶	jiē	stairs, steps; rank, degree	阜 170.4	6	5	574	745
审	shěn	examine, investigate; judge	宀 40.5	8	6	1279	746
沉	chén	sink, submerge; addicted to	水 85.4	7	5	871	747
坚	jiān	hard, strong, firm; resolute	土 32.4	7	4	712	748
善	shàn	good, virtuous, charitable, kind	口 30.9	12	5	2738	749
妈	mā	mother, mama	女 38.3	6	1	583	750
刘	liú	surname; kill, destroy	刀 18.4	6		517	751
读	dú	read, study; pronounce	言 149.8	10	1	2112	752
啊	a	exclamatory particle	口 30.8	10	3	1915	753
超	chāo	jump over, leap over; surpass	走 156.5	12	3	2517	754
免	miǎn	spare; excuse from; evade	儿 10.5	7	4	810	755
压	yā	press; oppress; crush; pressure	厂 27.4	6	4	385	756
银	yín	silver; cash, money, wealth	金 167.6	11	3	2309	757
买	mǎi	buy, purchase; bribe, persuade	大 37.3	6	1	588	758
皇	huáng	royal, imperial; ruler, superior	白 106.4	9	6	1571	759
养	yǎng	raise, rear, bring up; support	八 12.7	9	4	1641	760
伊	yī	third person pronoun; he, she, this, that	人 9.4	6		478	761
怀	huái	bosom, breast; carry in bosom	心 61.4	7	4	873	762
执	zhí	hold in hand; keep; carry out	手 64.3	6	5	363	763
副	fù	assist; supplement; assistant	刀 18.9	11	6	2234	764
乱	luàn	confusion, state of chaos, revolt	乙 5.6	7	4	762	765
抗	kàng	resist, oppose, defy, reject	手 64.4	7	6	646	766
犯	fàn	commit crime, violate; criminal	犬 94.2	5	6	292	767
追	zhuī	pursue, chase after; expel	辵 162.6	9	5	1577	768
帮	bāng	help, assist; defend; shoe upper	巾 50.7	9	2	1356	769
宣	xuān	declare, announce, proclaim	宀 40.6	9	5	1695	770
佛	fú	Buddha; of Buddhism; merciful person; Buddhist image; the dead (Jap.)	人 9.5	7	5	789	771
岁	suì	year; age; harvest	山 46.3	6	1	436	772
航	háng	sail; navigate; ship, boat	舟 137.4	10	4	1981	773
优	yōu	superior, excellent; actor	人 9.4	6	4	461	774
怪	guài	strange, unusual, peculiar	心 61.5	8	3	1271	775
香	xiāng	fragrant, sweet smelling, incense	香 186.0	9	3	1548	776
著	zhe	manifest; (Cant.) to wear	艸 140.8	11	4	2198	777
田	tián	field, arable land, cultivated	田 102.0	5	6	244	778
铁	tiě	iron; strong, solid, firm	金 167.5	10	3	1932	779
控	kòng	accuse, charge; control	手 64.8	11	5	2187	780
税	shuì	taxes	禾 115.7	12	5	2679	781
左	zuǒ	left; east; unorthodox, improper	工 48.2	5	2	214	782
右	yòu	right; west; right-wing	口 30.2	5	2	217	783
份	fèn	portion, part; duty	人 9.4	6	4	471	784
穿	chuān	penetrate, pierce, drill; wear	穴 116.4	9	2	1701	785
艺	yì	art; talent, ability; craft	艸 140.1	4	4	86	786
背	bèi	back; back side; behind; betray	肉 130.5	9	5	1467	787
阵	zhèn	column, row or file of troops	阜 170.4	6	5	571	788
草	cǎo	grass, straw, thatch, herbs	艸 140.6	9	3	1408	789
脚	jiǎo	leg, foot; base, leg, foundation	肉 130.7	11	3	2355	790
概	gài	generally, approximately	木 75.9	13	4	2871	791
恶	è	evil, wicked, bad, foul	心 61.6	10	5	1829	792
块	kuài	piece, lump; dollar	土 32.4	7	1	652	793
顿	dùn	pause, stop; bow, kowtow; arrange	頁 181.4	10	5	1877	794
敢	gǎn	to dare, venture; bold, brave	攴 66.8	11	4	2470	795
守	shǒu	defend, protect, guard, conserve	宀 40.3	6	5	546	796
酒	jiǔ	wine, spirits, liquor, alcoholic beverage	酉 164.3	10	3	2069	797
岛	dǎo	island	山 46.4	7	5	820	798
托	tuō	to hold up with palm; to support, rely on	手 64.3	6	5	359	799
央	yāng	center, conclude, run out; beg	大 37.2	5	6	249	800
户	hù	door; family	戶 63.0	4	4	170	801
烈	liè	fiery, violent, vehement, ardent	火 86.6	10	5	1871	802
洋	yáng	ocean, sea; foreign; western	水 85.6	9	4	1679	803
哥	gē	elder brother	口 30.7	10	2	1852	804
索	suǒ	large rope, cable; rules, laws; to demand, to exact; to search, inquire; isolated	糸 120.4	10	5	1851	805
胡	hú	recklessly, foolishly; wildly	肉 130.5	9	5	1419	806
款	kuǎn	item, article; clause; fund	欠 76.8	12	4	2508	807
靠	kào	lean on, trust, depend on; near	非 175.7	15	5	3259	808
评	píng	appraise, criticize, evaluate	言 149.5	7	4	887	809
版	bǎn	printing blocks; edition	片 91.4	8	5	1143	810
宝	bǎo	treasure, jewel; precious, rare	宀 40.5	8	5	1274	811
座	zuò	seat; stand, base	广 53.7	10	4	2025	812
释	shì	interprete, elucidate; release	釆 165.5	12	4	2710	813
景	jǐng	scenery, view; conditions	日 72.8	12	4	2626	814
顾	gù	look back; look at; look after	頁 181.4	10	3	1874	815
弟	dì	young brother; junior; i, me	弓 57.4	7	2	854	816
登	dēng	rise, mount, board, climb	癶 105.7	12	4	2813	817
货	huò	goods, commodities, products	貝 154.4	8	4	1151	818
互	hù	mutually, reciprocally	二 7.2	4	4	106	819
付	fù	give, deliver, pay, hand over; entrust	人 9.3	5	4	269	820
伯	bó		人 9.5	7	6	778	821
慢	màn	slow(ly), leisurely, sluggish	心 61.11	14	2	3169	822
欧	ōu	translit.: Europe; ohm; surname	欠 76.4	8	5	1053	823
换	huàn	change	手 64.7	10	3	1806	824
闻	wén	hear; smell; make known; news	門 169.6	9	3	1636	825
危	wēi	dangerous, precarious; high	卩 26.4	6	4	499	826
忙	máng	busy, pressed for time; hustling	心 61.3	6	2	543	827
核	hé	seed, kernel, core, nut; atom	木 75.6	10	5	1848	828
暗	àn	dark; obscure; in secret, covert	日 72.9	13	5	2909	829
姐	jiě	elder sister, young lady	女 38.5	8	1	1326	830
介	jiè	forerunner, herald, harbinger; to lie between; sea shell; to wear armor	人 9.2	4	2	140	831
坏	huài	rotten, spoilt, bad, broken down	土 32.4	7	3	616	832
讨	tǎo	to discuss; ask for, beg; demand; dun; marry	言 149.3	5	4	315	833
丽	lì	beautiful, magnificent, elegant	丶 3.7	7	4	699	834
良	liáng	good, virtuous, respectable	艮 138.1	7	5	884	835
序	xù	series, serial order, sequence	广 53.4	7	4	840	836
升	shēng	arise, go up; hoist; advance	十 24.2	4	5	125	837
监	jiān	supervise, control, direct	皿 108.5	10	6	1883	838
临	lín	draw near, approach; descend	丨 2.8	9	5	1471	839
亮	liàng	bright, brilliant, radiant, light	亠 8.7	9	1	1621	840
露	lù	dew; bare, open, exposed	雨 173.12	21	6	3490	841
永	yǒng	long, perpetual, eternal, forever	水 85.1	5	4	324	842
呼	hū	breathe sigh, exhale; call, shout	口 30.5	8	4	1099	843
味	wèi	taste, smell, odor; delicacy	口 30.5	8	4	1078	844
野	yě	open country, field; wilderness	里 166.4	11	6	2265	845
架	jià	rack, stand, prop; prop up	木 75.5	9	5	1743	846
域	yù	district, region, boundary; land	土 32.8	11	5	2164	847
沙	shā	sand, gravel, pebbles; granulated	水 85.4	7	4	860	848
掉	diào	turn, move; shake, wag; drop down	手 64.8	11	4	2170	849
括	kuò	include, embrace, enclose	手 64.6	9	5	1383	850
舰	jiàn	warship	舟 137.4	10	6	1978	851
鱼	yú	fish; surname; KangXi radical 195	魚 195.0	8	2	1194	852
杂	zá	mixed, blended; mix, mingle	木 75.2	6	4	498	853
误	wù	err, make mistake; interfere	言 149.7	9	4	1714	854
湾	wān	bay, cove, inlet, bend of stream	水 85.9	12	6	2764	855
吉	jí	lucky, propitious, good	口 30.3	6	6	356	856
减	jiǎn	decrease, subtract, diminish	冫 15.9	11	4	2375	857
编	biān	knit, weave; arrange; compile	糸 120.9	12	5	2822	858
楚	chǔ	name of feudal state; clear	木 75.9	13	3	2864	859
肯	kěn	willing; consent to, permit	肉 130.4	8	4	1067	860
测	cè	measure, estimate, conjecture	水 85.6	9	5	1670	861
败	bài	be defeated, decline, fail	貝 154.4	8	4	1113	862
屋	wū	house; room; building, shelter	尸 44.6	9	5	1722	863
跑	pǎo	run, flee, leave in hurry	足 157.5	12	2	2631	864
梦	mèng	dream; visionary; wishful	木 75.7	11	4	2221	865
散	sàn	scatter, disperse, break up	攴 66.8	12	4	2546	866
温	wēn	lukewarm	水 85.9	12	4	2757	867
困	kùn	to surround, beseige; to be surrounded; difficult	囗 31.4	7	4	734	868
剑	jiàn	sword, dagger, saber	刀 18.7	9	6	1587	869
渐	jiàn	gradually	水 85.8	11	5	2417	870
封	fēng	letter, envelope; feudal	寸 41.6	9	4	1366	871
救	jiù	save, rescue, relieve; help, aid	攴 66.7	11	5	2232	872
贵	guì	expensive, costly, valuable	貝 154.5	9	2	1495	873
枪	qiāng	spear, lance; gun, rifle	木 75.4	8	5	1027	874
缺	quē	be short of, lack; gap, deficit	缶 121.4	10	4	1935	875
楼	lóu	building of two or more stories	木 75.9	13	3	2870	876
县	xiàn	county, district, subdivision	厶 28.5	7	5	720	877
尚	shàng	still, yet; even; fairly, rather	小 42.5	8	5	1075	878
毫	háo	fine hair; measure of length	毛 82.7	11	5	2376	879
移	yí	change place, shift; move about	禾 115.6	11	5	2316	880
娘	niáng	mother; young girl; woman; wife	女 38.7	10	5	2144	881
朋	péng	friend, pal, acquaintance	月 74.4	8	1	1185	882
画	huà	a painting, picture, drawing; to draw	田 102.3	8	3	1036	883
班	bān	class, group, grade; squad; job	玉 96.6	10	2	1774	884
智	zhì	wisdom, knowledge, intelligence	日 72.8	12	5	2670	885
亦	yì	also, too; likewise	亠 8.4	6	6	516	886
耳	ěr	ear; merely, only; handle	耳 128.0	6	3	369	887
恩	ēn	kindness, mercy, charity	心 61.6	10	6	1909	888
短	duǎn	short; brief; deficient, lacking	矢 111.7	12	3	2669	889
掌	zhǎng	palm of hand, sole of foot, paw	手 64.8	12	5	2610	890
恐	kǒng	fear; fearful, apprehensive	心 61.6	10	4	1810	891
遗	yí	lose; articles lost; omit	辵 162.9	12	5	2633	892
固	gù	to become solid, solidify; strength	囗 31.5	8	5	1093	893
席	xí	seat; mat; take seat; banquet	巾 50.7	10	5	2023	894
松	sōng	pine tree; fir tree	木 75.4	8	4	1026	895
秘	mì	secret, mysterious, abstruse	禾 115.5	10	5	1949	896
谢	xiè	thank; decline	言 149.10	12	1	2795	897
鲁	lǔ	foolish, stupid, rash; vulgar	魚 195.4	12	6	2717	898
遇	yù	meet, come across, encounter	辵 162.9	12	3	2622	899
康	kāng	peaceful, quiet; happy, healthy	广 53.8	11	3	2385	900
虑	lǜ	be concerned, worry about	心 61.6	10	4	1882	901
幸	xìng	luck(ily), favor, fortunately	干 51.5	8	4	983	902
均	jūn	equal, even, fair; all, also	土 32.4	7	5	640	903
销	xiāo	melt, fuse; market, sell	金 167.7	12	5	2659	904
钟	zhōng	clock; bell	金 167.4	9	1	1528	905
诗	shī	poetry; poem, verse, ode	言 149.6	8	5	1288	906
藏	cáng	hide, conceal; hoard, store up	艸 140.14	17	5	3392	907
赶	gǎn	pursue, follow; expel, drive away	走 156.3	10	4	1788	908
剧	jù	theatrical plays, opera, drama	刀 18.8	10	4	2132	909
票	piào	slip of paper or bamboo; ticket	示 113.6	11	2	2235	910
损	sǔn	diminish; impair; injure	手 64.7	10	5	1798	911
忽	hū	suddenly, abruptly; neglect	心 61.4	8	5	1197	912
巨	jù	large, great, enormous; chief	工 48.2	4	5	101	913
炮	pào	large gun, cannon; artillery	火 86.5	9	5	1658	914
旧	jiù	old, ancient; former, past	日 72.1	5	3	232	915
端	duān	end, extreme; head; beginning	立 117.9	14	6	3151	916
探	tàn	find, locate; search, grope for	手 64.8	11	6	2188	917
湖	hú	a lake; Hubei, Hunan; bluish-green	水 85.9	12	6	2751	918
录	lù	copy, write down, record	彐 58.5	8	5	1304	919
叶	yè	to harmonize, to rhyme; to unite; (borrowed for) leaf	口 30.2	5	4	238	920
春	chūn	spring; wanton	日 72.5	9	3	1355	921
乡	xiāng	country; rural; village	幺 52.0	3	5	73	922
附	fù	adhere to, append; rely on near to	阜 170.5	7	3	916	923
吸	xī	inhale, suck in; absorb; attract	口 30.4	6	4	431	924
予	yǔ	I, me; to give	亅 6.3	4	6	184	925
礼	lǐ	social custom; manners; courtesy	示 113.1	5	3	318	926
港	gǎng	port, harbor; small stream; bay	水 85.9	12	6	2749	927
雨	yǔ	rain; rainy; KangXi radical 173	雨 173.0	8	1	1041	928
呀	ya	particle used to express surprise or mild emphasis; (Cant.) slurred form of the number ten	口 30.4	7	4	729	929
板	bǎn	plank, board; iron or tin plate	木 75.4	8	3	1025	930
庭	tíng	courtyard; spacious hall or yard	广 53.7	9	5	1624	931
妇	fù	married women; woman; wife	女 38.3	6	5	579	932
归	guī	return; return to, revert to	彐 58.2	5	5	234	933
睛	jīng	eyeball; pupil of eye	目 109.8	13	2	2895	934
饭	fàn	cooked rice; food, meal	食 184.4	7	1	823	935
额	é	forehead; tablet, plaque; fixed	頁 181.9	15	6	3304	936
含	hán	hold in mouth; cherish; contain	口 30.4	7	5	800	937
顺	shùn	obey, submit to, go along with	頁 181.3	9	4	1559	938
输	shū	transport, carry, haul	車 159.9	13	4	2890	939
摇	yáo	wag, swing, wave; shake; scull	手 64.10	13	5	2841	940
招	zhāo	beckon, summon; recruit, levy	手 64.5	8	4	988	941
婚	hūn	get married; marriage, wedding	女 38.8	11	3	2481	942
脱	tuō	take off	肉 130.7	11	4	2360	943
补	bǔ	mend, patch, fix, repair, restore	衣 145.2	7	5	888	944
谓	wèi	say, tell; call, name; be called	言 149.9	11	5	2466	945
督	dū	supervise, oversee, direct	目 109.8	13	6	2891	946
毒	dú	poison, venom; poisonous	毋 80.4	9	5	1362	947
油	yóu	oil, fat, grease, lard; paints	水 85.5	8	4	1248	948
疗	liáo	be healed, cured, recover	疒 104.2	7	5	834	949
旅	lǚ	trip, journey; travel; traveler	方 70.6	10	2	2046	950
泽	zé	marsh, swamp; grace, brilliance	水 85.5	8	6	1263	951
材	cái	material, stuff; timber; talent	木 75.3	7	4	681	952
灭	miè	extinguish; wipe out, exterminate	火 86.1	5	6	223	953
逐	zhú	chase, expel; one by one	辵 162.7	10	5	1870	954
莫	mò	do not, is not, can not; negative	艸 140.7	10	6	1824	955
笔	bǐ	writing brush; write; stroke	竹 118.4	10	2	1951	956
亡	wáng	death, destroyed; lose, perish	亠 8.1	3	6	54	957
鲜	xiān	fresh; delicious; attractive	魚 195.6	14	3	3135	958
词	cí	words; phrase, expression	言 149.5	7	3	897	959
圣	shèng	holy, sacred	土 32.2	5	6	340	960
择	zé	select, choose, pick out	手 64.5	8	3	992	961
寻	xún	seek, search, look for; ancient	彐 58.3	6	5	563	962
厂	chǎng	factory, workshop; radical 27	厂 27.0	2	5	6	963
睡	shuì	sleep, doze	目 109.8	13	1	2900	964
博	bó	gamble, play games; wide, broad	十 24.10	12	4	2521	965
勒	lēi	strangle, tighten	力 19.9	11		2200	966
烟	yān	smoke, soot; opium; tobacco, cigarettes	火 86.6	10	4	2062	967
授	shòu	give to, transmit; confer	手 64.8	11	4	2177	968
诺	nuò	promise; assent, approve	言 149.8	10	6	2111	969
伦	lún	normal human relationships	人 9.4	6	6	470	970
岸	àn	bank, shore; beach, coast	山 46.5	8	5	1105	971
奥	ào	mysterious, obscure, profound	大 37.9	12	6	2701	972
唐	táng	Tang dynasty; Chinese	口 30.7	10	6	2037	973
卖	mài	sell; betray; show off	十 24.6	8	2	1042	974
俄	é	sudden(ly), soon; Russian	人 9.7	9		1564	975
炸	zhà	to fry in oil; to scald; to explode	火 86.5	9	5	1656	976
载	zài	load; carry; transport, convey	戈 62.6	10	5	1787	977
洛	luò	river in Shanxi province; city	水 85.6	9		1676	978
健	jiàn	strong, robust, healthy; strength	人 9.9	10	3	1969	979
堂	táng	hall; government office	土 32.8	11	6	2256	980
旁	páng	side; by side, close by, near	方 70.6	10	2	2045	981
宫	gōng	palace	宀 40.6	9	6	1698	982
喝	hē	drink; shout, call out	口 30.9	12	1	2639	983
借	jiè	borrow; lend; make pretext of	人 9.8	10	3	1955	984
君	jūn	sovereign, monarch, ruler, chief, prince	口 30.4	7	6	899	985
禁	jìn	restrict, prohibit, forbid	示 113.8	13	4	2863	986
阴	yīn		阜 170.4	6	2	575	987
园	yuán	garden; park, orchard	囗 31.4	7	3	726	988
谋	móu	plan, scheme; strategem	言 149.9	11	6	2459	989
宋	sòng	Song dynasty; surname	宀 40.4	7		878	990
避	bì	avoid; turn aside; escape; hide	辵 162.13	16	5	3385	991
抓	zhuā	scratch; clutch, seize, grab	手 64.4	7	5	633	992
荣	róng	glory, honor; flourish, prosper	艸 140.6	9	5	1415	993
姑	gū		女 38.5	8	5	1325	994
孙	sūn	grandchild, descendent; surname	子 39.3	6	4	570	995
逃	táo	escape, flee; abscond, dodge	辵 162.6	9	5	1588	996
牙	yá	tooth, molars, teeth; serrated	牙 92.0	4	3	102	997
束	shù	bind, control, restrain; bale	木 75.3	7	3	694	998
跳	tiào	jump, leap, vault, bounce; dance	足 157.6	13	2	2915	999
顶	dǐng	top, summit, peak; to carry on the head	頁 181.2	8	5	971	1000